{"stats":{"minecraft:picked_up":{"minecraft:birch_log":1},"minecraft:mined":{"minecraft:birch_log":1,"minecraft:grass":5},"minecraft:custom":{"minecraft:jump":14,"minecraft:time_since_rest":4530,"minecraft:crouch_one_cm":41,"minecraft:leave_game":1,"minecraft:sprint_one_cm":4740,"minecraft:play_time":4530,"minecraft:damage_taken":20,"minecraft:time_since_death":4530,"minecraft:walk_one_cm":2085,"minecraft:sneak_time":64,"minecraft:total_world_time":4530,"minecraft:fall_one_cm":484,"minecraft:fly_one_cm":5447}},"DataVersion":3465}